{
	"parent": "minecraft:item/handheld",
	"textures": {
		"layer0": "item/netherite_shovel"
	},
	
	"overrides": [
		{"predicate": {"custom_model_data":2}, "model": "item/weapons/blaster"},
		{"predicate": {"custom_model_data":4}, "model": "item/weapons/disruptor"},
		{"predicate": {"custom_model_data":20}, "model": "item/weapons/taser"},
		{"predicate": {"custom_model_data":1026}, "model": "item/weapons/jitterzapper"},
		{"predicate": {"custom_model_data":2019}, "model": "item/weapons/thunderstorm"}
		
	]
}