{
	"parent": "minecraft:item/generated",
	"textures": {
		"layer0": "item/tripwire_hook"
	},
	
	"overrides": [
		{"predicate": {"custom_model_data":3311}, "model": "item/key/copperCrateKey"},
		{"predicate": {"custom_model_data":9311}, "model": "item/key/ironCrateKey"},
		{"predicate": {"custom_model_data":11311}, "model": "item/key/keymastersCrateKey"},
		{"predicate": {"custom_model_data":12311}, "model": "item/key/livingCrateKey"},
		{"predicate": {"custom_model_data":13311}, "model": "item/key/memoryCrateKey"},
		{"predicate": {"custom_model_data":20311}, "model": "item/key/titaniumCrateKey"},
		{"predicate": {"custom_model_data":33311}, "model": "item/key/candyCookieCratekey"},
		{"predicate": {"custom_model_data":123311}, "model": "item/key/almondWaterCrateKey"},
		{"predicate": {"custom_model_data":121513311}, "model": "item/key/luckyOMilkCrateKey"}
		
	]
}