{
    "bd.dragging1": {
		"sounds": [
			"bd/dragging1"
		]
	},   
	"bd.dragging2": {
		"sounds": [
			"bd/dragging2"
		]
	},
    "bd.closing-vault-door": {
		"sounds": [
			"bd/closing-vault-door"
		]
	},
	"bd.drawbridge-rattling": {
		"sounds": [
			"bd/drawbridge-rattling"
		]
	},
	"bd.thud": {
		"sounds": [
			"bd/thud"
		]
	},   
	"economy_bottlecaps": {
		"sounds": [
			"customsounds/economy/bottlecaps"
		]
	},   
	"economy_bottlecaps2": {
		"sounds": [
			"customsounds/economy/bottlecaps2"
		]
	},   
	"amb_thehubloop": {
		"sounds": [
			"customsounds/amb/thehubloop"
		]
	},   
	"amb_level0loop": {
		"sounds": [
			"customsounds/amb/level0loop"
		]
	},    
	"amb_level1loop": {
		"sounds": [
			"customsounds/amb/level1loop"
		]
	},    
	"amb_level2loop": {
		"sounds": [
			"customsounds/amb/level2loop"
		]
	},    
	"amb_level3loop": {
		"sounds": [
			"customsounds/amb/level3loop"
		]
	},    
	"amb_level4loop": {
		"sounds": [
			"customsounds/amb/level4loop"
		]
	},    
	"amb_titansnestloop": {
		"sounds": [
			"customsounds/amb/titansnestloop"
		]
	},    
	"amb_thevoidloop": {
		"sounds": [
			"customsounds/amb/thevoidloop"
		]
	},    
	"amb_thelaboutsideloop": {
		"sounds": [
			"customsounds/amb/thelaboutsideloop"
		]
	},    
	"amb_thelabloop": {
		"sounds": [
			"customsounds/amb/thelabloop"
		]
	}, 
	"js_1": {
		"sounds": [
			"customsounds/js/1"
		]
	},   
	"player_heartbeat": {
		"sounds": [
			"customsounds/player/heartbeat"
		]
	},   
	"js_2": {
		"sounds": [
			"customsounds/js/2"
		]
	}
	
}
