{
	"credit": "Made with Blockbench",
	"texture_size": [32, 32],
	"textures": {
		"0": "item/weapons/blaster",
		"particle": "item/weapons/blaster"
	},
	"elements": [
		{
			"from": [7, 2, 0],
			"to": [9, 4, 11],
			"faces": {
				"north": {"uv": [6.5, 4, 7.5, 5], "texture": "#0"},
				"east": {"uv": [0, 0, 5.5, 1], "texture": "#0"},
				"south": {"uv": [6.5, 6, 7.5, 7], "texture": "#0"},
				"west": {"uv": [0, 1, 5.5, 2], "texture": "#0"},
				"up": {"uv": [1, 7.5, 0, 2], "texture": "#0"},
				"down": {"uv": [2, 2, 1, 7.5], "texture": "#0"}
			}
		},
		{
			"from": [7.5, 2.75, -6],
			"to": [8.5, 3.75, 0],
			"faces": {
				"north": {"uv": [2.5, 7.5, 3, 8], "texture": "#0"},
				"east": {"uv": [5.5, 5, 8.5, 5.5], "texture": "#0"},
				"south": {"uv": [7.5, 2.5, 8, 3], "texture": "#0"},
				"west": {"uv": [5.5, 5.5, 8.5, 6], "texture": "#0"},
				"up": {"uv": [4.5, 8, 4, 5], "texture": "#0"},
				"down": {"uv": [2.5, 6, 2, 9], "texture": "#0"}
			}
		},
		{
			"from": [7, 0, 11],
			"to": [9, 3, 16],
			"faces": {
				"north": {"uv": [2.5, 6, 3.5, 7.5], "texture": "#0"},
				"east": {"uv": [2, 2, 4.5, 3.5], "texture": "#0"},
				"south": {"uv": [5.5, 6, 6.5, 7.5], "texture": "#0"},
				"west": {"uv": [2, 3.5, 4.5, 5], "texture": "#0"},
				"up": {"uv": [5.5, 4.5, 4.5, 2], "texture": "#0"},
				"down": {"uv": [5.5, 4.5, 4.5, 7], "texture": "#0"}
			}
		},
		{
			"from": [7, 1, 8],
			"to": [9, 2, 11],
			"faces": {
				"north": {"uv": [7.5, 1.5, 8.5, 2], "texture": "#0"},
				"east": {"uv": [0, 7.5, 1.5, 8], "texture": "#0"},
				"south": {"uv": [7.5, 2, 8.5, 2.5], "texture": "#0"},
				"west": {"uv": [7.5, 0, 9, 0.5], "texture": "#0"},
				"up": {"uv": [7.5, 2.5, 6.5, 1], "texture": "#0"},
				"down": {"uv": [7.5, 2.5, 6.5, 4], "texture": "#0"}
			}
		},
		{
			"from": [7.75, 4, 1],
			"to": [8.25, 4.5, 2],
			"faces": {
				"north": {"uv": [7.5, 4.5, 7.75, 4.75], "texture": "#0"},
				"east": {"uv": [3, 7.5, 3.5, 7.75], "texture": "#0"},
				"south": {"uv": [5.5, 7.5, 5.75, 7.75], "texture": "#0"},
				"west": {"uv": [7.5, 3, 8, 3.25], "texture": "#0"},
				"up": {"uv": [7.75, 4, 7.5, 3.5], "texture": "#0"},
				"down": {"uv": [7.75, 4, 7.5, 4.5], "texture": "#0"}
			}
		},
		{
			"from": [7, 2.25, -5],
			"to": [9, 4.25, -1],
			"faces": {
				"north": {"uv": [4.5, 7, 5.5, 8], "texture": "#0"},
				"east": {"uv": [2, 5, 4, 6], "texture": "#0"},
				"south": {"uv": [6.5, 7, 7.5, 8], "texture": "#0"},
				"west": {"uv": [5.5, 0, 7.5, 1], "texture": "#0"},
				"up": {"uv": [6.5, 3, 5.5, 1], "texture": "#0"},
				"down": {"uv": [6.5, 3, 5.5, 5], "texture": "#0"}
			}
		},
		{
			"from": [7.75, 1.5, 2],
			"to": [8.25, 2, 7],
			"faces": {
				"north": {"uv": [6, 7.5, 6.25, 7.75], "texture": "#0"},
				"east": {"uv": [7.5, 0.5, 10, 0.75], "texture": "#0"},
				"south": {"uv": [7.5, 6, 7.75, 6.25], "texture": "#0"},
				"west": {"uv": [7.5, 1, 10, 1.25], "texture": "#0"},
				"up": {"uv": [3.75, 8.5, 3.5, 6], "texture": "#0"},
				"down": {"uv": [1.75, 7.5, 1.5, 10], "texture": "#0"}
			}
		},
		{
			"from": [6.5, -0.5, 15],
			"to": [9.5, 3.5, 16.5],
			"faces": {
				"north": {"uv": [7.5, 6.5, 9, 8.5], "texture": "#0"},
				"east": {"uv": [2.5, 8, 3.25, 10], "texture": "#0"},
				"south": {"uv": [0, 8, 1.5, 10], "texture": "#0"},
				"west": {"uv": [8, 2.5, 8.75, 4.5], "texture": "#0"},
				"up": {"uv": [5.5, 8.75, 4, 8], "texture": "#0"},
				"down": {"uv": [7, 8, 5.5, 8.75], "texture": "#0"}
			}
		}
	],
	"display": {
		"thirdperson_righthand": {
			"translation": [0, 7, 0.75]
		},
		"thirdperson_lefthand": {
			"rotation": [-85, 180, 0],
			"translation": [0, -4, -3.25]
		},
		"firstperson_righthand": {
			"translation": [-9, 10, -3.5],
			"scale": [1.5, 1.5, 1.5]
		},
		"firstperson_lefthand": {
			"rotation": [-53, 0, 0],
			"translation": [0, 4.75, -3]
		},
		"ground": {
			"translation": [0, 6, 0]
		},
		"gui": {
			"rotation": [45, -35, 40],
			"translation": [-3.75, 3.5, 0]
		},
		"head": {
			"scale": [0, 0, 0]
		},
		"fixed": {
			"rotation": [0, 90, 0],
			"translation": [0, 10, -2],
			"scale": [2, 2, 2]
		}
	}
}