{
	"credit": "Made with Blockbench",
	"texture_size": [32, 32],
	"textures": {
		"0": "item/weapons/disruptor",
		"particle": "item/weapons/disruptor"
	},
	"elements": [
		{
			"from": [7, 0, 13],
			"to": [9, 4, 16],
			"faces": {
				"north": {"uv": [8, 3, 9, 5], "texture": "#0"},
				"east": {"uv": [4.5, 0, 6, 2], "texture": "#0"},
				"south": {"uv": [8, 5, 9, 7], "texture": "#0"},
				"west": {"uv": [4, 5, 5.5, 7], "texture": "#0"},
				"up": {"uv": [1, 10.5, 0, 9], "texture": "#0"},
				"down": {"uv": [2, 9, 1, 10.5], "texture": "#0"}
			}
		},
		{
			"from": [7, 2, 9],
			"to": [9, 4, 13],
			"faces": {
				"north": {"uv": [9, 6, 10, 7], "texture": "#0"},
				"east": {"uv": [8, 7, 10, 8], "texture": "#0"},
				"south": {"uv": [7, 9, 8, 10], "texture": "#0"},
				"west": {"uv": [8, 8, 10, 9], "texture": "#0"},
				"up": {"uv": [9.5, 2, 8.5, 0], "texture": "#0"},
				"down": {"uv": [5, 8.5, 4, 10.5], "texture": "#0"}
			}
		},
		{
			"from": [7, 2, 0],
			"to": [9, 5, 9],
			"faces": {
				"north": {"uv": [9, 3, 10, 4.5], "texture": "#0"},
				"east": {"uv": [0, 0, 4.5, 1.5], "texture": "#0"},
				"south": {"uv": [9, 4.5, 10, 6], "texture": "#0"},
				"west": {"uv": [0, 1.5, 4.5, 3], "texture": "#0"},
				"up": {"uv": [1, 7.5, 0, 3], "texture": "#0"},
				"down": {"uv": [2, 3, 1, 7.5], "texture": "#0"}
			}
		},
		{
			"from": [7.5, 3.5, -12],
			"to": [8.5, 4.5, 0],
			"faces": {
				"north": {"uv": [1.5, 8.5, 2, 9], "texture": "#0"},
				"east": {"uv": [4.5, 2, 10.5, 2.5], "texture": "#0"},
				"south": {"uv": [10, 6, 10.5, 6.5], "texture": "#0"},
				"west": {"uv": [4.5, 2.5, 10.5, 3], "texture": "#0"},
				"up": {"uv": [6, 11, 5.5, 5], "texture": "#0"},
				"down": {"uv": [6.5, 5, 6, 11], "texture": "#0"}
			}
		},
		{
			"from": [7, 3, -10],
			"to": [9, 5, -1],
			"faces": {
				"north": {"uv": [8, 9, 9, 10], "texture": "#0"},
				"east": {"uv": [2, 3, 6.5, 4], "texture": "#0"},
				"south": {"uv": [9, 9, 10, 10], "texture": "#0"},
				"west": {"uv": [2, 4, 6.5, 5], "texture": "#0"},
				"up": {"uv": [3, 9.5, 2, 5], "texture": "#0"},
				"down": {"uv": [4, 5, 3, 9.5], "texture": "#0"}
			}
		},
		{
			"from": [7, 3, -13],
			"to": [9, 5, -11],
			"faces": {
				"north": {"uv": [9.5, 0, 10.5, 1], "texture": "#0"},
				"east": {"uv": [9.5, 1, 10.5, 2], "texture": "#0"},
				"south": {"uv": [2, 9.5, 3, 10.5], "texture": "#0"},
				"west": {"uv": [3, 9.5, 4, 10.5], "texture": "#0"},
				"up": {"uv": [11, 4, 10, 3], "texture": "#0"},
				"down": {"uv": [11, 4, 10, 5], "texture": "#0"}
			}
		},
		{
			"from": [7.5, 0, 1],
			"to": [8.5, 2, 6],
			"faces": {
				"north": {"uv": [1.5, 7.5, 2, 8.5], "texture": "#0"},
				"east": {"uv": [6, 0, 8.5, 1], "texture": "#0"},
				"south": {"uv": [10, 5, 10.5, 6], "texture": "#0"},
				"west": {"uv": [6, 1, 8.5, 2], "texture": "#0"},
				"up": {"uv": [5.5, 11, 5, 8.5], "texture": "#0"},
				"down": {"uv": [7, 9, 6.5, 11.5], "texture": "#0"}
			}
		},
		{
			"from": [7.75, 5, 1],
			"to": [8.25, 5.5, 3],
			"faces": {
				"north": {"uv": [10, 8, 10.25, 8.25], "texture": "#0"},
				"east": {"uv": [10, 6.5, 11, 6.75], "texture": "#0"},
				"south": {"uv": [8.5, 10, 8.75, 10.25], "texture": "#0"},
				"west": {"uv": [7, 10, 8, 10.25], "texture": "#0"},
				"up": {"uv": [10.25, 8, 10, 7], "texture": "#0"},
				"down": {"uv": [8.25, 10, 8, 11], "texture": "#0"}
			}
		},
		{
			"from": [6.5, 1.5, 9.5],
			"to": [9.5, 4.5, 12.5],
			"faces": {
				"north": {"uv": [6.5, 3, 8, 4.5], "texture": "#0"},
				"east": {"uv": [6.5, 4.5, 8, 6], "texture": "#0"},
				"south": {"uv": [6.5, 6, 8, 7.5], "texture": "#0"},
				"west": {"uv": [4, 7, 5.5, 8.5], "texture": "#0"},
				"up": {"uv": [1.5, 9, 0, 7.5], "texture": "#0"},
				"down": {"uv": [8, 7.5, 6.5, 9], "texture": "#0"}
			}
		}
	],
	"display": {
		"thirdperson_righthand": {
			"translation": [0, 6, 5.25]
		},
		"thirdperson_lefthand": {
			"rotation": [-82, 0, 0],
			"translation": [0, 2.25, -1]
		},
		"firstperson_righthand": {
			"translation": [-9, 8.5, 0]
		},
		"firstperson_lefthand": {
			"rotation": [-53, 0, 0],
			"translation": [2.75, 1, -6.5]
		},
		"ground": {
			"translation": [0, 6, 6.25]
		},
		"gui": {
			"rotation": [45.27, -34.9, 40],
			"translation": [-5, 0.25, 0],
			"scale": [0.8, 0.8, 0.8]
		},
		"head": {
			"scale": [0, 0, 0]
		},
		"fixed": {
			"rotation": [0, 90, 0],
			"translation": [10, 9.75, -2],
			"scale": [2, 2, 2]
		}
	}
}