{
	"credit": "Made with Blockbench",
	"texture_size": [32, 32],
	"textures": {
		"0": "item/weapons/jitterzapper",
		"particle": "item/weapons/jitterzapper"
	},
	"elements": [
		{
			"from": [7, 5.5, 12],
			"to": [9, 6.5, 15],
			"rotation": {"angle": 0, "axis": "y", "origin": [0, 2, 0]},
			"faces": {
				"north": {"uv": [5, 4, 6, 4.5], "texture": "#0"},
				"east": {"uv": [7.5, 7.5, 9, 8], "texture": "#0"},
				"south": {"uv": [0, 6, 1, 6.5], "texture": "#0"},
				"west": {"uv": [1, 8, 2.5, 8.5], "texture": "#0"},
				"up": {"uv": [2, 4.5, 1, 3], "texture": "#0"},
				"down": {"uv": [3, 3, 2, 4.5], "texture": "#0"}
			}
		},
		{
			"from": [7, 4, 15],
			"to": [9, 7, 16],
			"rotation": {"angle": 0, "axis": "y", "origin": [0, 2, 0]},
			"faces": {
				"north": {"uv": [3, 3, 4, 4.5], "texture": "#0"},
				"east": {"uv": [3.5, 8, 4, 9.5], "texture": "#0"},
				"south": {"uv": [4, 0, 5, 1.5], "texture": "#0"},
				"west": {"uv": [4, 8, 4.5, 9.5], "texture": "#0"},
				"up": {"uv": [9, 3.5, 8, 3], "texture": "#0"},
				"down": {"uv": [9, 3.5, 8, 4], "texture": "#0"}
			}
		},
		{
			"from": [7, 4, 6],
			"to": [9, 7, 12],
			"rotation": {"angle": 0, "axis": "y", "origin": [0, 2, 0]},
			"faces": {
				"north": {"uv": [4, 1.5, 5, 3], "texture": "#0"},
				"east": {"uv": [0, 0, 3, 1.5], "texture": "#0"},
				"south": {"uv": [4, 3, 5, 4.5], "texture": "#0"},
				"west": {"uv": [0, 1.5, 3, 3], "texture": "#0"},
				"up": {"uv": [1, 6, 0, 3], "texture": "#0"},
				"down": {"uv": [4, 0, 3, 3], "texture": "#0"}
			}
		},
		{
			"from": [7.5, 1, 11],
			"to": [8.5, 4, 12],
			"rotation": {"angle": -22.5, "axis": "x", "origin": [8, 4, 11]},
			"faces": {
				"north": {"uv": [4.5, 8, 5, 9.5], "texture": "#0"},
				"east": {"uv": [5, 8, 5.5, 9.5], "texture": "#0"},
				"south": {"uv": [5.5, 8, 6, 9.5], "texture": "#0"},
				"west": {"uv": [6, 8, 6.5, 9.5], "texture": "#0"},
				"up": {"uv": [7, 8.5, 6.5, 8], "texture": "#0"},
				"down": {"uv": [7.5, 8, 7, 8.5], "texture": "#0"}
			}
		},
		{
			"from": [7.5, 0, 6.5],
			"to": [8.5, 4, 8],
			"rotation": {"angle": 0, "axis": "x", "origin": [8, 4, 9]},
			"faces": {
				"north": {"uv": [0, 7, 0.5, 9], "texture": "#0"},
				"east": {"uv": [1, 4.5, 1.75, 6.5], "texture": "#0"},
				"south": {"uv": [0.5, 7, 1, 9], "texture": "#0"},
				"west": {"uv": [2, 4.5, 2.75, 6.5], "texture": "#0"},
				"up": {"uv": [2.5, 7.75, 2, 7], "texture": "#0"},
				"down": {"uv": [8.5, 5.5, 8, 6.25], "texture": "#0"}
			}
		},
		{
			"from": [7.5, 5.5, -2],
			"to": [8.5, 6.5, 3],
			"rotation": {"angle": 0, "axis": "y", "origin": [0, 1, 0]},
			"faces": {
				"north": {"uv": [7.5, 8, 8, 8.5], "texture": "#0"},
				"east": {"uv": [6, 5, 8.5, 5.5], "texture": "#0"},
				"south": {"uv": [8, 8, 8.5, 8.5], "texture": "#0"},
				"west": {"uv": [0, 6.5, 2.5, 7], "texture": "#0"},
				"up": {"uv": [3, 9, 2.5, 6.5], "texture": "#0"},
				"down": {"uv": [3.5, 6.5, 3, 9], "texture": "#0"}
			}
		},
		{
			"from": [7, 5, 3],
			"to": [9, 7, 6],
			"rotation": {"angle": 0, "axis": "y", "origin": [0, 1, 0]},
			"faces": {
				"north": {"uv": [1, 7, 2, 8], "texture": "#0"},
				"east": {"uv": [3, 4.5, 4.5, 5.5], "texture": "#0"},
				"south": {"uv": [4.5, 7, 5.5, 8], "texture": "#0"},
				"west": {"uv": [4.5, 4.5, 6, 5.5], "texture": "#0"},
				"up": {"uv": [6, 1.5, 5, 0], "texture": "#0"},
				"down": {"uv": [6, 1.5, 5, 3], "texture": "#0"}
			}
		},
		{
			"from": [7, 5, -1],
			"to": [9, 7, 2],
			"rotation": {"angle": 0, "axis": "y", "origin": [0, 1, 0]},
			"faces": {
				"north": {"uv": [5.5, 7, 6.5, 8], "texture": "#0"},
				"east": {"uv": [5, 3, 6.5, 4], "texture": "#0"},
				"south": {"uv": [7.5, 0, 8.5, 1], "texture": "#0"},
				"west": {"uv": [3, 5.5, 4.5, 6.5], "texture": "#0"},
				"up": {"uv": [5.5, 7, 4.5, 5.5], "texture": "#0"},
				"down": {"uv": [6.5, 5.5, 5.5, 7], "texture": "#0"}
			}
		},
		{
			"from": [6.5, 5, 12.5],
			"to": [9.5, 7, 14.5],
			"rotation": {"angle": 0, "axis": "y", "origin": [0, 1, 0]},
			"faces": {
				"north": {"uv": [6, 0, 7.5, 1], "texture": "#0"},
				"east": {"uv": [7.5, 1, 8.5, 2], "texture": "#0"},
				"south": {"uv": [6, 1, 7.5, 2], "texture": "#0"},
				"west": {"uv": [7.5, 2, 8.5, 3], "texture": "#0"},
				"up": {"uv": [7.5, 3, 6, 2], "texture": "#0"},
				"down": {"uv": [7.5, 4, 6, 5], "texture": "#0"}
			}
		},
		{
			"from": [7, 1.5, 6],
			"to": [9, 3.5, 8.5],
			"rotation": {"angle": 0, "axis": "y", "origin": [0, 1, 0]},
			"faces": {
				"north": {"uv": [7.5, 4, 8.5, 5], "texture": "#0"},
				"east": {"uv": [6.5, 3, 7.75, 4], "texture": "#0"},
				"south": {"uv": [7.5, 6.5, 8.5, 7.5], "texture": "#0"},
				"west": {"uv": [6.5, 5.5, 7.75, 6.5], "texture": "#0"},
				"up": {"uv": [4.5, 7.75, 3.5, 6.5], "texture": "#0"},
				"down": {"uv": [7.5, 6.5, 6.5, 7.75], "texture": "#0"}
			}
		},
		{
			"from": [7.75, 7, 4],
			"to": [8.25, 7.5, 5],
			"rotation": {"angle": 0, "axis": "y", "origin": [0, 1, 0]},
			"faces": {
				"north": {"uv": [1.5, 8.5, 1.75, 8.75], "texture": "#0"},
				"east": {"uv": [8.5, 0, 9, 0.25], "texture": "#0"},
				"south": {"uv": [8.5, 1.5, 8.75, 1.75], "texture": "#0"},
				"west": {"uv": [8.5, 0.5, 9, 0.75], "texture": "#0"},
				"up": {"uv": [1.25, 9, 1, 8.5], "texture": "#0"},
				"down": {"uv": [8.75, 1, 8.5, 1.5], "texture": "#0"}
			}
		}
	],
	"display": {
		"thirdperson_righthand": {
			"translation": [0, 4, 0]
		},
		"thirdperson_lefthand": {
			"rotation": [-86, 0, 0],
			"translation": [0, -3.5, 0]
		},
		"firstperson_righthand": {
			"translation": [-9, 4.25, 0]
		},
		"firstperson_lefthand": {
			"rotation": [-59, 0, 0],
			"translation": [0, 1.25, -1.5]
		},
		"ground": {
			"translation": [0, 6, 0]
		},
		"gui": {
			"rotation": [45, -35, 40],
			"translation": [-1.5, 2, 0],
			"scale": [1.1, 1.1, 1.1]
		},
		"head": {
			"scale": [0, 0, 0]
		},
		"fixed": {
			"rotation": [0, 90, 0],
			"translation": [2, 8, -2],
			"scale": [2, 2, 2]
		}
	}
}