{
	"credit": "Made with Blockbench",
	"textures": {
		"0": "item/weapons/taser",
		"particle": "item/weapons/taser"
	},
	"elements": [
		{
			"from": [7, 4, 7.5],
			"to": [9, 7, 15.5],
			"faces": {
				"north": {"uv": [10, 6, 12, 9], "texture": "#0"},
				"east": {"uv": [0, 0, 8, 3], "texture": "#0"},
				"south": {"uv": [7, 10, 9, 13], "texture": "#0"},
				"west": {"uv": [0, 3, 8, 6], "texture": "#0"},
				"up": {"uv": [2, 14, 0, 6], "texture": "#0"},
				"down": {"uv": [4, 6, 2, 14], "texture": "#0"}
			}
		},
		{
			"from": [7.75, 7, 8.5],
			"to": [8.25, 7.5, 10.5],
			"faces": {
				"north": {"uv": [10, 9, 10.5, 9.5], "texture": "#0"},
				"east": {"uv": [13, 10, 15, 10.5], "texture": "#0"},
				"south": {"uv": [6, 12, 6.5, 12.5], "texture": "#0"},
				"west": {"uv": [11, 13, 13, 13.5], "texture": "#0"},
				"up": {"uv": [8.5, 15, 8, 13], "texture": "#0"},
				"down": {"uv": [13.5, 11, 13, 13], "texture": "#0"}
			}
		},
		{
			"from": [7, 2, 13],
			"to": [9, 4, 15],
			"faces": {
				"north": {"uv": [4, 12, 6, 14], "texture": "#0"},
				"east": {"uv": [12, 6, 14, 8], "texture": "#0"},
				"south": {"uv": [9, 12, 11, 14], "texture": "#0"},
				"west": {"uv": [13, 4, 15, 6], "texture": "#0"},
				"up": {"uv": [8, 15, 6, 13], "texture": "#0"},
				"down": {"uv": [15, 8, 13, 10], "texture": "#0"}
			}
		},
		{
			"from": [7, 0, 13.5],
			"to": [9, 2, 15.5],
			"faces": {
				"north": {"uv": [9, 10, 11, 12], "texture": "#0"},
				"east": {"uv": [11, 4, 13, 6], "texture": "#0"},
				"south": {"uv": [11, 9, 13, 11], "texture": "#0"},
				"west": {"uv": [11, 11, 13, 13], "texture": "#0"},
				"up": {"uv": [14, 2, 12, 0], "texture": "#0"},
				"down": {"uv": [14, 2, 12, 4], "texture": "#0"}
			}
		},
		{
			"from": [6.5, 1, 12.5],
			"to": [9.5, 3, 16],
			"faces": {
				"north": {"uv": [8, 4, 11, 6], "texture": "#0"},
				"east": {"uv": [8, 0, 11.5, 2], "texture": "#0"},
				"south": {"uv": [4, 10, 7, 12], "texture": "#0"},
				"west": {"uv": [8, 2, 11.5, 4], "texture": "#0"},
				"up": {"uv": [7, 9.5, 4, 6], "texture": "#0"},
				"down": {"uv": [10, 6, 7, 9.5], "texture": "#0"}
			}
		}
	],
	"display": {
		"thirdperson_righthand": {
			"translation": [0, 4.5, -4]
		},
		"thirdperson_lefthand": {
			"rotation": [-26, 0, 0],
			"translation": [0, 0.75, -6]
		},
		"firstperson_righthand": {
			"translation": [-9, 4.5, -3.25]
		},
		"firstperson_lefthand": {
			"rotation": [-44, 0, 0],
			"translation": [0.75, -0.25, -5.25]
		},
		"ground": {
			"translation": [0, 6, -3.75]
		},
		"gui": {
			"rotation": [45, -35, 40],
			"translation": [0.5, 6.5, 0],
			"scale": [1.2, 1.2, 1.2]
		},
		"head": {
			"scale": [0, 0, 0]
		},
		"fixed": {
			"rotation": [0, 90, 0],
			"translation": [-8, 8.25, -2],
			"scale": [2, 2, 2]
		}
	}
}