{
	"credit": "Made with Blockbench",
	"texture_size": [32, 32],
	"textures": {
		"0": "item/weapons/thunderstorm",
		"particle": "item/weapons/thunderstorm"
	},
	"elements": [
		{
			"from": [7.5, 3, 14],
			"to": [8.5, 7, 16],
			"rotation": {"angle": 0, "axis": "y", "origin": [0, 4, 0]},
			"faces": {
				"north": {"uv": [7, 1, 7.5, 3], "texture": "#0"},
				"east": {"uv": [5, 1, 6, 3], "texture": "#0"},
				"south": {"uv": [2, 7, 2.5, 9], "texture": "#0"},
				"west": {"uv": [5, 3, 6, 5], "texture": "#0"},
				"up": {"uv": [5, 2, 4.5, 1], "texture": "#0"},
				"down": {"uv": [8, 1, 7.5, 2], "texture": "#0"}
			}
		},
		{
			"from": [7.5, 4, 12],
			"to": [8.5, 7, 14],
			"rotation": {"angle": 0, "axis": "y", "origin": [0, 4, 0]},
			"faces": {
				"north": {"uv": [0, 7.5, 0.5, 9], "texture": "#0"},
				"east": {"uv": [6, 3.5, 7, 5], "texture": "#0"},
				"south": {"uv": [0.5, 7.5, 1, 9], "texture": "#0"},
				"west": {"uv": [6, 5, 7, 6.5], "texture": "#0"},
				"up": {"uv": [8, 3, 7.5, 2], "texture": "#0"},
				"down": {"uv": [8, 6, 7.5, 7], "texture": "#0"}
			}
		},
		{
			"from": [7, 5, 5],
			"to": [9, 7, 12],
			"rotation": {"angle": 0, "axis": "y", "origin": [0, 4, 0]},
			"faces": {
				"north": {"uv": [3.5, 1, 4.5, 2], "texture": "#0"},
				"east": {"uv": [0, 0, 3.5, 1], "texture": "#0"},
				"south": {"uv": [2.5, 7, 3.5, 8], "texture": "#0"},
				"west": {"uv": [0, 1, 3.5, 2], "texture": "#0"},
				"up": {"uv": [1, 5.5, 0, 2], "texture": "#0"},
				"down": {"uv": [2, 2, 1, 5.5], "texture": "#0"}
			}
		},
		{
			"from": [7.5, 5.5, -4],
			"to": [8.5, 6.5, 5],
			"rotation": {"angle": 0, "axis": "y", "origin": [0, 4, 0]},
			"faces": {
				"north": {"uv": [8, 2.5, 8.5, 3], "texture": "#0"},
				"east": {"uv": [3.5, 0, 8, 0.5], "texture": "#0"},
				"south": {"uv": [3, 8, 3.5, 8.5], "texture": "#0"},
				"west": {"uv": [3.5, 0.5, 8, 1], "texture": "#0"},
				"up": {"uv": [4.5, 8.5, 4, 4], "texture": "#0"},
				"down": {"uv": [5, 4, 4.5, 8.5], "texture": "#0"}
			}
		},
		{
			"from": [7, 5, -1.5],
			"to": [9, 7, 4.5],
			"rotation": {"angle": 0, "axis": "y", "origin": [0, 4, 0]},
			"faces": {
				"north": {"uv": [7, 3, 8, 4], "texture": "#0"},
				"east": {"uv": [2, 2, 5, 3], "texture": "#0"},
				"south": {"uv": [7, 4, 8, 5], "texture": "#0"},
				"west": {"uv": [2, 3, 5, 4], "texture": "#0"},
				"up": {"uv": [3, 7, 2, 4], "texture": "#0"},
				"down": {"uv": [4, 4, 3, 7], "texture": "#0"}
			}
		},
		{
			"from": [7.75, 6.5, -3.5],
			"to": [8.25, 7.5, -2],
			"rotation": {"angle": 0, "axis": "y", "origin": [0, 4, 0]},
			"faces": {
				"north": {"uv": [8, 6, 8.25, 6.5], "texture": "#0"},
				"east": {"uv": [1, 8, 1.75, 8.5], "texture": "#0"},
				"south": {"uv": [8, 6.5, 8.25, 7], "texture": "#0"},
				"west": {"uv": [8, 1, 8.75, 1.5], "texture": "#0"},
				"up": {"uv": [8.25, 3.75, 8, 3], "texture": "#0"},
				"down": {"uv": [8.25, 4, 8, 4.75], "texture": "#0"}
			}
		},
		{
			"from": [7.75, 7, 6],
			"to": [8.25, 7.5, 12.5],
			"rotation": {"angle": 0, "axis": "y", "origin": [0, 4, 0]},
			"faces": {
				"north": {"uv": [8, 7, 8.25, 7.25], "texture": "#0"},
				"east": {"uv": [7, 5, 10.25, 5.25], "texture": "#0"},
				"south": {"uv": [7.5, 8, 7.75, 8.25], "texture": "#0"},
				"west": {"uv": [7, 5.5, 10.25, 5.75], "texture": "#0"},
				"up": {"uv": [5.75, 10.25, 5.5, 7], "texture": "#0"},
				"down": {"uv": [7.25, 6, 7, 9.25], "texture": "#0"}
			}
		},
		{
			"from": [7.5, 0, 9.5],
			"to": [8.5, 5, 11],
			"rotation": {"angle": -22.5, "axis": "x", "origin": [8, 5, 9.5]},
			"faces": {
				"north": {"uv": [6, 6.5, 6.5, 9], "texture": "#0"},
				"east": {"uv": [1, 5.5, 1.75, 8], "texture": "#0"},
				"south": {"uv": [6.5, 6.5, 7, 9], "texture": "#0"},
				"west": {"uv": [6, 1, 6.75, 3.5], "texture": "#0"},
				"up": {"uv": [8.5, 2.25, 8, 1.5], "texture": "#0"},
				"down": {"uv": [3, 8, 2.5, 8.75], "texture": "#0"}
			}
		},
		{
			"from": [7.5, 1, 5.5],
			"to": [8.5, 5, 7.5],
			"rotation": {"angle": 0, "axis": "y", "origin": [0, 4, 0]},
			"faces": {
				"north": {"uv": [3.5, 7, 4, 9], "texture": "#0"},
				"east": {"uv": [5, 5, 6, 7], "texture": "#0"},
				"south": {"uv": [5, 7, 5.5, 9], "texture": "#0"},
				"west": {"uv": [0, 5.5, 1, 7.5], "texture": "#0"},
				"up": {"uv": [8, 8, 7.5, 7], "texture": "#0"},
				"down": {"uv": [8.5, 0, 8, 1], "texture": "#0"}
			}
		}
	],
	"display": {
		"thirdperson_righthand": {
			"translation": [0, 3, -0.5]
		},
		"thirdperson_lefthand": {
			"rotation": [-90.5, 0, 0],
			"translation": [0, -2.75, 0]
		},
		"firstperson_righthand": {
			"translation": [-9, 4.5, 0.5]
		},
		"firstperson_lefthand": {
			"rotation": [-61, 0, 0],
			"translation": [0, 1.25, -1.5]
		},
		"ground": {
			"translation": [0, 4, 2]
		},
		"gui": {
			"rotation": [45, -35, 40],
			"translation": [-2.25, 1.25, 0]
		},
		"fixed": {
			"rotation": [0, 90, 0],
			"translation": [3, 6.5, -2],
			"scale": [2, 2, 2]
		}
	}
}